﻿pos_x,pos_y,rotation,side,designator,mpn,pack,footprint,value,mount_type
59.75,-19.0,-90.0,top,C1,,,C_0402_1005Metric_Pad0.74x0.62mm_HandSolder,0.1uF,smt
21.75,-57.0,-90.0,top,C1,,,C_0402_1005Metric_Pad0.74x0.62mm_HandSolder,0.1uF,smt
21.75,-19.0,-90.0,top,C1,,,C_0402_1005Metric_Pad0.74x0.62mm_HandSolder,0.1uF,smt
59.75,-57.0,-90.0,top,C1,,,C_0402_1005Metric_Pad0.74x0.62mm_HandSolder,0.1uF,smt
47.25,-22.0,90.0,top,J1,,,JST_PH_B4B-PH-K_1x04_P2.00mm_Vertical,Conn_01x04_Socket,tht
9.25,-60.0,90.0,top,J1,,,JST_PH_B4B-PH-K_1x04_P2.00mm_Vertical,Conn_01x04_Socket,tht
47.25,-60.0,90.0,top,J1,,,JST_PH_B4B-PH-K_1x04_P2.00mm_Vertical,Conn_01x04_Socket,tht
9.25,-22.0,90.0,top,J1,,,JST_PH_B4B-PH-K_1x04_P2.00mm_Vertical,Conn_01x04_Socket,tht
29.3,-54.0,-90.0,top,J2,,,JST_PH_B4B-PH-K_1x04_P2.00mm_Vertical,Conn_01x04_Socket,tht
67.3,-16.0,-90.0,top,J2,,,JST_PH_B4B-PH-K_1x04_P2.00mm_Vertical,Conn_01x04_Socket,tht
67.3,-54.0,-90.0,top,J2,,,JST_PH_B4B-PH-K_1x04_P2.00mm_Vertical,Conn_01x04_Socket,tht
29.3,-16.0,-90.0,top,J2,,,JST_PH_B4B-PH-K_1x04_P2.00mm_Vertical,Conn_01x04_Socket,tht
19.0,-57.0,90.0,top,U1,,,DFN-10-EJ,~,smt
19.0,-19.0,90.0,top,U1,,,DFN-10-EJ,~,smt
57.0,-19.0,90.0,top,U1,,,DFN-10-EJ,~,smt
57.0,-57.0,90.0,top,U1,,,DFN-10-EJ,~,smt
